actual,LogisticRegression,SVC,RandomForest,KNN,GradientBoosting,GaussianNB
1,0.951083763513966,0.9369031767778744,0.9566445259770862,0.9569405129721158,0.9510145709391463,0.9999959933600674
1,0.12264311885046525,0.21415726782014427,0.24856330820881906,0.6175449004465335,0.14070947084021046,0.013412356478860571
1,0.9632991760948149,0.9549515253471306,0.9435318434659905,0.9278819911353239,0.9528116288281356,0.9999999009138221
1,0.5481093923776655,0.6060644848373584,0.6282692356090187,0.6109114705801102,0.4242513277262993,0.5152940151740282
0,0.13726083814114243,0.284884744507836,0.42629029665986173,0.0892608117351851,0.19300620030159882,4.6062699884000005e-05
0,0.420125788347663,0.4596440215226176,0.3808962565212565,0.5262606577084339,0.36665183947083796,0.999984956050682
0,0.021671557571657573,0.0314786517520027,0.026120457973399146,0.0,0.03782346127083086,3.077848618837337e-10
1,0.4730885134409415,0.5863726616705475,0.6131576985181105,0.40396357177788744,0.6857427880503983,0.006980802313642807
0,0.023749229712746362,0.025440334338345374,0.08949747469066105,0.08801872750976393,0.03782346127083086,6.318933973943696e-08
1,0.9834345380020768,0.973596257468002,0.9617017405578707,0.9594536452697358,0.9514207242286267,0.999999828692316
1,0.550951846463535,0.6175253570269758,0.5245298482252135,0.565289510514501,0.5929156556596101,0.033702251202832594
0,0.041145927760602705,0.047008404016850795,0.03741630727610748,0.09139335869246412,0.08001033054263874,3.924015235385787e-06
0,0.04282935847626141,0.06034330387895428,0.05495948933409817,0.1308977260273911,0.028946474960924454,1.3417477015597805e-09
0,0.08023094255618855,0.07644655028975339,0.0465950272489451,0.0,0.11410525388119083,6.693550120425689e-05
0,0.018068902313454226,0.030934464641922312,0.13653313652624544,0.16605325199456472,0.04247591591090347,3.6056864145412534e-08
1,0.9530754910175682,0.930913786430645,0.9637481283931885,0.9584885086110324,0.9458121638401098,0.9999968288317664
0,0.05189888962489884,0.056918247336450886,0.02940752431625368,0.13565134900599451,0.07249264932162258,2.0464264009283387e-08
1,0.7716364323751158,0.8049428061940102,0.8992429671995308,0.8371354633999059,0.7181752942889805,0.9993665026752468
0,0.05584144222866248,0.06651445669748522,0.0896268319086143,0.04986355223408438,0.07326092453577897,2.1818824931843935e-05
1,0.49174087120925986,0.5740205244176393,0.5216013779306348,0.5076084739530995,0.6063224565064989,0.27161433729091383
0,0.1305166094972519,0.23137221073383712,0.33219528056484576,0.148044277841825,0.19300620030159882,3.4592447717636494e-05
1,0.8206807154822129,0.7691358475715329,0.767145448798356,0.9559028171509698,0.7681208499930594,0.2797979663345125
0,0.06891269667194085,0.07089789964151257,0.06800183392015097,0.0,0.12771952067035958,2.3534053933422956e-05
0,0.0526738767905767,0.056124653322671206,0.014064847023874031,0.0,0.06546708193473295,1.1854509245720647e-05
1,0.7009197615298215,0.5488520169916956,0.49745008938755964,0.7766884545988881,0.6894419657409132,0.5091664869345496
1,0.9833150432150499,0.9774540126675009,0.9684710591133004,1.0,0.9731723889780843,0.9999999548670085
0,0.019442990737912405,0.01960373244106707,0.017654367706531966,0.0,0.02536794385038018,4.2686972582702665e-11
1,0.9536900779500772,0.9496757871378742,0.910977360209882,0.9564959949672786,0.919020497390483,0.9999998666909775
1,0.9906357217931652,0.9883703582308679,0.9571789367896179,1.0,0.9864884837776983,0.999999998559888
0,0.013074039033997398,0.024322488203438058,0.020234269600368667,0.0,0.02774751849063025,3.295420314770443e-12
0,0.15149726333013003,0.24701250440225808,0.3858752126898242,0.2523541121477541,0.19300620030159882,0.00011377116168980225
1,0.6515249496163952,0.613323667457969,0.6647969262274229,0.7213180386555657,0.5998360181566561,0.2659545662633158
0,0.018754691568469952,0.02582712791272043,0.0886467810516547,0.13109125163274077,0.03941973196034637,4.071860957987717e-08
0,0.04386074963745076,0.05607115750583303,0.010030017982848876,0.0,0.0713327585184656,2.2650333998321694e-09
1,0.8268074283549322,0.8734973710526335,0.877069565444734,1.0,0.7276605909895195,0.9813755813766147
1,0.9578107396493336,0.9367016832175525,0.8656962751294934,0.7598258245853522,0.9343505578650532,0.9999978082363461
1,0.9741917076719565,0.9692713883102421,0.8452189057598186,0.9598476334388708,0.9213748104866167,0.9999988187574398
1,0.9627755168116668,0.9342615496029291,0.9366376253299923,0.9427075148572959,0.9492447238395783,0.999999613972303
0,0.05945421796546283,0.09140943983174474,0.04143904680410971,0.048137033233164025,0.11751964088457958,6.126774017667608e-09
1,0.8661034189557859,0.8341011718398815,0.8764326326316402,1.0,0.8440354114560661,0.9999999999937437
1,0.9523499664958168,0.9420256043754175,0.9485050426028026,0.8926671920622424,0.95168271153897,0.9999976023186349
1,0.16215149769828255,0.2793796135357899,0.3982167378657147,0.1499562201871353,0.2154545354119082,0.0002358160150835337
1,0.9412418514235634,0.9312951235130005,0.8712875961603562,0.8388574332528519,0.9503431623732661,0.9999923870551468
0,0.08974867093289862,0.08684071243074162,0.04681751140837537,0.042039123798719234,0.10349684396736435,9.442627922955753e-05
1,0.7064144368247369,0.6805939393472806,0.662486504648027,0.7722919393553203,0.6600556037464094,0.006020878012824823
1,0.9639515778342523,0.9616844917765571,0.9577026335931431,0.9552103727749824,0.954761185221224,0.9999999918350984
1,0.9701310795892609,0.9804156707161396,0.9312257091597698,0.9548524977642211,0.9684797082860438,0.9999640962346944
0,0.4441053681916368,0.626001485205206,0.7672328047482844,0.22758841622219195,0.39161721971031677,6.811434565050945e-05
1,0.9228971777826394,0.9398345105306342,0.9283142684782546,0.9208963890851064,0.9391708793426942,0.9999999999999893
0,0.4799033632674176,0.5696369357341539,0.5972072024390372,0.32773487880180263,0.39848918363546876,9.512363028740944e-05
0,0.8789745118388774,0.8841784584088532,0.8594489590777288,0.7094576499811442,0.9455868297676837,0.9999999999886207
0,0.0965370184876722,0.0919928216379583,0.18599214982426882,0.04589457650145938,0.0925819161673965,9.801432918698378e-07
0,0.021338467847209074,0.02801457408022384,0.01865308467583717,0.0,0.049476260469995016,2.286931749231648e-11
0,0.29536783282888046,0.2642138084711346,0.3440055039802482,0.4150942405227359,0.43694803572859625,0.9999702494571157
1,0.6217828083724654,0.6972079084220747,0.6032672887855397,0.6313200181060633,0.5672922824839797,0.8663268271455608
0,0.5070047918399397,0.5303250151294213,0.5005015021098611,0.5032992337844402,0.4242513277262993,0.3462221655400314
1,0.9089414372134328,0.9005281346200917,0.8866606672739021,0.952648116800104,0.8088906474085189,0.9999914385965801
0,0.0161159847402826,0.032935595675298274,0.02397703337254421,0.0,0.02774751849063025,3.460030573605054e-11
0,0.1938445045635195,0.17880248828827597,0.5052025833922177,0.27662811671499316,0.336321492629857,0.9999839688719359
0,0.02530843459483938,0.02561762249014617,0.09103260612617907,0.0,0.04123494377314436,1.46794745237941e-07
0,0.08836013648682418,0.08142023680074136,0.028007924374561524,0.042851356742294955,0.09399786758876368,6.9457670803372e-05
1,0.91874350434685,0.8520114526990044,0.7172473444855797,0.852079658505567,0.8455362978200172,0.9999965746144792
0,0.10443189886753955,0.13944201852334115,0.2524051607009013,0.3381062669253515,0.10879361778605182,9.053549650695351e-06
1,0.6021256215936313,0.682548782622167,0.6588284578625135,0.9090248728437804,0.5828576111273355,0.6593898815727021
0,0.052441693167808716,0.05982600744117286,0.04084203645449695,0.0,0.08411869190451093,1.2437293984621264e-05
1,0.601953429215181,0.5599714170203317,0.5401554450881076,0.5736669139827301,0.4022141760248269,0.976398458293594
1,0.8724890915931328,0.8086412187480656,0.8096528899740104,0.7670191090125512,0.9360367549516418,0.9999999999631939
1,0.5928296142906012,0.6008295022765315,0.7732833371719993,0.8562580976203086,0.7667199309941292,0.999999998283343
0,0.11746361355692897,0.15002425069336417,0.15886261868450563,0.23215104589653712,0.11082496661024512,2.6515483103312125e-05
0,0.12450944077531252,0.07148473049990198,0.14754893933424346,0.0868758904747912,0.14403361867504585,8.089515274226993e-05
0,0.06618737003563868,0.060365120328515036,0.004412398535601582,0.03490265543857826,0.06546708193473295,1.910775090593404e-08
1,0.9615908901638556,0.9556612344126967,0.9186209677752806,0.9585602912063961,0.8963593759267716,0.9999484574637368
0,0.5125016611506921,0.46695629613698436,0.5241735184320325,0.8149304771642388,0.40845874209658634,0.006285569616907817
1,0.9576995866913244,0.9423906444402199,0.9018294955176935,1.0,0.9401701112392978,0.9999999999997868
0,0.017713231571359234,0.024863353467471316,0.012918326771267948,0.0,0.03941973196034637,1.5111415776974078e-10
1,0.8045151951202614,0.8466195194178953,0.8163580212271384,0.9431918671063336,0.8894767729303439,0.9999869691572923
1,0.9705627605712946,0.9717851462908033,0.9161892127493274,1.0,0.9499171873080613,0.9999999814775916
1,0.9096802146151308,0.8724948221564477,0.8255355650862127,0.903571738644933,0.8019700321109455,0.9994713982859055
1,0.8923536769971585,0.8417025903985905,0.8601562314238836,0.9086755476691634,0.826503128195211,0.9960302833837749
1,0.9048255250383768,0.8690820638457318,0.8853124179016644,0.9386311887345543,0.8825027301914102,0.9985081268448964
1,0.6660066329055881,0.6176247256673559,0.7635360311896982,0.855135189443307,0.43509980263660886,0.9966487838700705
1,0.9837330836697249,0.9714907454220187,0.9823539360256113,0.9134576996411117,0.9590750063461043,0.9999998218785943
1,0.9144575136453268,0.8813017497672543,0.7646741477438258,0.8984704881175578,0.8342044949178997,0.9891037973950485
0,0.341428734379195,0.3385201761296876,0.5336215017271956,0.279021421775095,0.6106035089494474,0.9967711012262798
1,0.9805303423951206,0.9764328795645263,0.9555808266761777,0.9488169476151899,0.9729559710481103,0.999999999978817
0,0.020693993580798795,0.02694809279305588,0.021986418009170502,0.0,0.049476260469995016,2.0015508916148602e-11
1,0.7437641548387828,0.6665456066450051,0.6210921606628041,0.6614814332335253,0.6318021990162781,0.8804042997743358
1,0.9564023605056793,0.9443532694449466,0.9693727096579695,0.9188361827250907,0.95168271153897,0.9999996077925163
0,0.0865495445860657,0.10007153260594345,0.16731942181423526,0.09486893389259658,0.0736900401141071,5.666079449593017e-06
1,0.8487015886617227,0.8553424955004195,0.8692010945275345,0.5767166679360853,0.8936872550383655,0.9889189448300876
0,0.3965806476037733,0.5735392264090657,0.5736683020816957,0.3817285456891055,0.3889803492562779,4.657638580279111e-05
1,0.7061124416909296,0.8625069156394825,0.877913720206522,0.9147856715559055,0.7006272196636674,0.9997369373233254
0,0.07040017423009019,0.07646281536030537,0.07670760930944351,0.09168498658442632,0.12771952067035958,1.7514416756233635e-07
0,0.1649219235984524,0.23485051748865796,0.4629994109459886,0.04551186217420911,0.2101892902234457,6.700919941398609e-08
0,0.7865338134956006,0.6860169892419147,0.7767758543333667,0.9406881933505039,0.8957419157583802,0.9999999971647213
1,0.9484459681136834,0.9377596795507617,0.9760818159838842,0.9657643042577226,0.9334595025628643,0.9999959692840436
1,0.8393867949104015,0.6346889904716985,0.7483416620072967,0.897153906700178,0.8149700171859467,0.9995492481916661
1,0.9876439179472645,0.9781061128928592,0.9865725711486578,1.0,0.9681893408820106,0.9999999944888689
0,0.24421146459922552,0.2737274729139711,0.42275267810366757,0.26885674502325213,0.29147029334874036,6.349954760145591e-07
1,0.7592319137369252,0.8392701576580864,0.8221795294199804,0.5861539189937207,0.8158444260094346,0.819513619798411
1,0.947704480605909,0.9545790052143736,0.970056265664526,0.929888540899882,0.9393266126212494,0.9988694085923989
1,0.45752237491601083,0.379727505319155,0.4579992266390873,0.42249984396631357,0.5548094814033828,0.9585538080017726
1,0.6663793257115159,0.7460173014008868,0.6940201796848138,0.8541441023947391,0.5636461607321167,0.994353076758697
0,0.009396910312845723,0.016782566782073464,0.01758345985621235,0.0,0.010954310967995857,1.4577208607008144e-12
1,0.9695363095843123,0.9662410698897633,0.9112336692459896,0.9392356646952051,0.967641958475072,0.9999999959210015
1,0.6323643876818157,0.6302975438097511,0.7355391434255023,0.9049656634527804,0.7727677764387857,0.9999999987425134
1,0.7769601041777205,0.7936819331589828,0.6652306923088003,0.7097360429572694,0.8261862176211078,0.9917061827516302
1,0.09257655198760484,0.11724725423573418,0.18090334650301781,0.10216907471835344,0.07523734039595463,8.887632352861595e-06
0,0.07546536031631303,0.051637556322002676,0.09017315954420925,0.04481892078741026,0.12174580621664208,1.723649800080345e-06
1,0.986324554145127,0.9724955133477837,0.9442329370910272,0.8690558865046166,0.9735430628710845,0.9999999961678459
1,0.7550483157492068,0.7311062447376998,0.6224097910803793,0.8977905563331987,0.8809782001769876,0.9999999987563442
0,0.11285127833261556,0.14762067918460775,0.29379846288976724,0.43520180147547616,0.09951409920920848,1.2679199430031321e-06
0,0.09981436510281474,0.11542134243124046,0.22738347867703532,0.14549397261550617,0.11224392861710437,6.863641234108119e-07
1,0.9437892474317319,0.8903933412596545,0.80391504078767,0.904751343552607,0.9066721530640254,0.9999329008642711
1,0.9634769089313433,0.9488723458429075,0.8366938174618564,1.0,0.9473133594525271,0.9999660997661988
1,0.09062162864450235,0.153343932136016,0.186527646459148,0.338969089410068,0.15983945257830523,0.010998989516328557
1,0.513955723168241,0.3784392932994314,0.6130528785698478,0.5692709467741339,0.40566188392107716,0.9372032565254277
0,0.08271559057151556,0.08370298586054169,0.24207258352998406,0.18805885737772357,0.1136428356595119,5.96685365335867e-06
0,0.9345660568801307,0.9136931882084572,0.9494072833680329,0.9162663410568189,0.9080534038031022,0.9999909968296871
1,0.9637441084913603,0.9535784614694542,0.968790552328221,1.0,0.9548765832541071,0.9999998692198245
0,0.06425992639312425,0.0687652020222395,0.05330394291519112,0.06638333737054358,0.12771952067035958,1.902872159546754e-08
1,0.7934395363122486,0.6466711481718787,0.5085229634709503,0.6208470041018676,0.6614454314512873,0.9963640851084599
0,0.3287631879404859,0.25801466834928877,0.4631106419198228,0.24627993799028441,0.45300880857646736,0.02639860095059677
0,0.09266952989536233,0.08706767074992844,0.1858211020193734,0.1336768170373814,0.10349684396736435,6.635906628484803e-05
0,0.024243269388074563,0.02350785793034434,0.055391962512780425,0.08084580588514083,0.03941973196034637,8.049416692833055e-08
1,0.9583217324577242,0.9312606450162094,0.9670104221370615,0.89400782691072,0.9274483898269773,0.999999923401796
0,0.10399895674589002,0.10175064560050598,0.17909529348871372,0.047903060110838884,0.15188138995824332,0.007132497200042412
1,0.5270140515285562,0.5236328374014394,0.818993612868613,0.5837622667941996,0.529114271876529,0.07869457674353568
1,0.9359063161685631,0.93988127457705,0.792698751275202,0.8280344737880825,0.9122033492803396,0.9985520051372805
0,0.10794520891586994,0.13249221868210426,0.08308146462683165,0.09077412921890846,0.16600312834713044,3.827322235794496e-07
0,0.24722202713853597,0.3323510012913424,0.26816570875456247,0.4870865057013956,0.2795921355777451,0.1908143113558807
0,0.013094846179559963,0.02146874453569112,0.007886580739521915,0.0,0.03941973196034637,3.49546479151993e-11
0,0.739539906370373,0.7600082290062352,0.5952396791804686,0.47708983100570745,0.8096947844196251,0.9744288264629941
0,0.050524597248870366,0.0690538837035923,0.10733908347568796,0.25982698234136475,0.07552751368071235,5.544734255943717e-07
1,0.7279052550711226,0.6482632224900189,0.5888153702756794,0.8579243866625629,0.6568842392778506,0.8329481108256898
1,0.9459184540252682,0.9296248694577959,0.9275604621614082,0.8670570125310991,0.921118931661607,0.9999911085373956
1,0.9184733587896592,0.9368471878077711,0.8645091370017214,1.0,0.9405578893242056,0.999999998211095
0,0.6556329237693714,0.46272499089497254,0.2840384536344288,0.5882227346607103,0.3885769663567791,0.2926962575362021
1,0.04802505673450259,0.13207994722623453,0.10134283298520087,0.24575616382027543,0.038176029722246464,9.727320528630969e-08
0,0.4316169895322446,0.6703301122347276,0.6434703622935066,0.5634514640722773,0.18334208356368956,0.00948284780741249
1,0.8840794116831762,0.7015400241915556,0.7967465012770739,0.9537092938698223,0.7894421011714351,0.9998735470126514
1,0.9720050856516014,0.9632947755748664,0.9654053200535695,1.0,0.954761185221224,0.9999999967355571
0,0.021804085890939868,0.03675795743235623,0.09407416033220693,0.04799300450114515,0.03610562257915939,4.860688338274785e-11
0,0.6186365316543241,0.537662303458779,0.7659324732541589,0.9402318507258083,0.6423630335893132,0.99855868960666
1,0.9866830847778418,0.9744887893098129,0.9416978397440531,1.0,0.960379702638476,0.9999999394588919
1,0.7819177262727502,0.8214735126612889,0.7762653346653345,0.7829651145426085,0.710034626821471,0.9996567874669077
0,0.5968708822863558,0.6099561405081583,0.5135566507920324,0.6617838665813952,0.5705087585155199,0.1366515518340869
0,0.6663856221229282,0.5894663382299045,0.4966486688406192,0.422210072285541,0.7091167738021175,0.09678926041505488
1,0.7695783562830525,0.8458795080847261,0.6357922497186934,0.801718286070433,0.7759989825182095,0.9998237769737116
1,0.615919179724385,0.5119429364033862,0.5575092097445038,0.7537915369319681,0.7230960251809215,0.997843461242252
1,0.9644339680041868,0.9450005087021811,0.9696057462573855,1.0,0.9274483898269773,0.9999996519774755
0,0.26507324315129327,0.16103505920646405,0.2249603734101124,0.2374908916139303,0.3252962816941564,0.005176700408489806
1,0.8330575975923653,0.8206426480842726,0.9173099441044564,0.791283296170005,0.8062569915258944,0.9640163848703659
0,0.0423913875179151,0.04677492103644299,0.012605909340709542,0.03859725019400302,0.07231299594312605,3.7604434790005843e-06
1,0.9122557318534823,0.9133184423230114,0.9340975932086912,0.9092451768345776,0.9326960776626414,0.9999999999999787
1,0.9865392178927289,0.9786985963360106,0.9852504578754576,1.0,0.9731723889780843,0.9999998927703388
0,0.28907020441492054,0.1862348407046217,0.21066567548036474,0.2330680100200531,0.23418308413703232,0.004230752734369046
0,0.05005253606559457,0.06274337792847921,0.018514061365092052,0.0,0.0994637870727559,5.596728295553674e-09
1,0.9375757559336896,0.9380517100527412,0.9504963202365585,0.9442319459394832,0.9498038028669122,0.9999907088340277
1,0.9540186289854784,0.9375945216767475,0.8151054291455434,1.0,0.9168973338459206,0.9999986485842208
0,0.6249230699671916,0.450155171874985,0.48478175992107886,0.534681202295997,0.4962778563533205,0.9854112776493302
1,0.6827466845918911,0.7608691557117818,0.654678937075996,0.6168657524645488,0.5722464914955164,0.8796221559367663
0,0.061457886452957064,0.0763622468478497,0.08766533482325757,0.18810924305357882,0.0994637870727559,2.0661692291940046e-05
0,0.161059139313983,0.25489030633511617,0.32474343094387864,0.15820632234676787,0.33328411359732313,7.094339723624074e-08
1,0.8712789434168231,0.8093886126026861,0.8232804445509178,0.9546948065406564,0.8145074048852307,0.9998203144923022
0,0.0512365076290571,0.0763093603755304,0.023166397534669602,0.038498057310556964,0.10802338692255271,2.5364606898128087e-09
1,0.9030136561881512,0.8397993580083724,0.8880881015736979,0.6983729223776185,0.8677457567463439,0.9972666703300379
1,0.9583034158748078,0.9622761231954132,0.9479720192006355,0.9648534995713934,0.9316754065708519,0.9995106651853177
0,0.14189194942601072,0.15744524484812727,0.062188671765154746,0.23414869470500704,0.04832362225054323,1.6679767063050322e-07
1,0.9573961300663919,0.929885401640756,0.9682871327689425,0.9157078966091328,0.9197278537868433,0.999998408467034
1,0.8916987191499139,0.8454428813158921,0.9371653319724578,1.0,0.8416462022139792,0.9986495202257406
0,0.12417730872554555,0.1983586504491287,0.2881924239443421,0.08882135350786015,0.2101892902234457,2.4251794685572788e-05
1,0.8977297256808244,0.9048626298599436,0.786272867705648,0.7807952585768727,0.8456493053361783,0.9999191190019805
1,0.6984886195129256,0.8869661038664995,0.6156355561363301,0.8556283452281597,0.6984877951249037,0.9999999999999858
0,0.9568881744119988,0.9439585545856258,0.9535082127730155,0.9535983773279754,0.9104063370679271,0.9999996213330877
1,0.5132648334101773,0.3445462128659652,0.5865351908203432,0.5535002608873462,0.5548094814033828,0.9753179790798227
0,0.057057978990088076,0.07017510064253574,0.015184990606353775,0.0,0.09567826249265342,7.147814828317784e-09
0,0.29313740016657397,0.17624523324912816,0.14705740862115615,0.21031157768345898,0.31593108147562776,0.0032485787358288326
1,0.06190652718097989,0.06743540838951431,0.05173442661984895,0.04155741951545781,0.0994637870727559,1.6550512500429626e-05
0,0.24162981856882235,0.19385676808765404,0.0828799304065487,0.3609917772845055,0.1773759973888218,1.2342150120603066e-06
1,0.9836367362153507,0.9687753793831457,0.9436930569430569,1.0,0.9486549907056729,0.9999997954358739
1,0.6808629369114807,0.7640906969654955,0.6861313807915488,0.7624156857785658,0.7359338286449314,0.9663400694588111
1,0.9467699730591478,0.9284912546636248,0.8291109704273155,0.8022666136520964,0.9093554368111675,0.9999952893723395
1,0.7474289156897437,0.8175268113998374,0.6182249062770734,0.7686430025170302,0.7365760360894322,0.7944706232802117
